{"var_0": [-0.7301216125488281], "var_1": [-0.5339789986610413], "var_2": [-0.8795779347419739], "var_3": [-0.11638336628675461], "var_4": [0.06019075587391853], "var_5": [1.5006427764892578], "var_6": [1.4648977518081665], "var_7": [4.308241844177246], "var_8": [-1.0220015048980713], "var_9": [0.48857998847961426], "var_10": [0.575715959072113], "var_11": [-0.6134901642799377], "var_12": [-0.6660810708999634], "var_13": [-0.1001305803656578], "var_14": [1.4795483350753784], "var_15": [1.116454005241394], "var_16": [4.41649866104126], "var_17": [0.6310206055641174], "var_18": [1.4794074296951294], "var_19": [1.0735069513320923], "var_20": [-1.1389883756637573], "var_21": [1.1012550592422485]}