{"var_0": [-0.20997120440006256], "var_1": [0.7243639826774597], "var_2": [0.3775724768638611], "var_3": [0.24258212745189667], "var_4": [1.5441808700561523], "var_5": [1.6396619081497192], "var_6": [0.6639624238014221], "var_7": [1.3042784929275513], "var_8": [2.249596357345581], "var_9": [4.610649585723877], "var_10": [4.429963111877441], "var_11": [0.19686414301395416], "var_12": [0.1994079053401947], "var_13": [-0.11018719524145126], "var_14": [-0.040094487369060516], "var_15": [0.16160283982753754], "var_16": [0.23189006745815277], "var_17": [0.18716003000736237], "var_18": [-0.03263954445719719], "var_19": [0.32872235774993896], "var_20": [0.4582178294658661], "var_21": [1.0012729167938232], "var_22": [1.5722204446792603], "var_23": [-0.1536562442779541], "var_24": [0.3447170555591583], "var_25": [3.2029967308044434], "var_26": [0.06517475843429565], "var_27": [0.001393734710291028], "var_28": [0.013142693787813187], "var_29": [0.05340546369552612]}