{"g_loss": [-0.5195316940546035, -0.6561083137989044, -0.8784364491701127, -1.0448580712080002, -1.2769470870494843, -1.4801420509815215, -1.6460783243179322, -1.9514305949211121, -2.062621057033539, -2.1582889199256896, -2.3124555110931397, -2.3878719925880434, -2.3666247963905334, -2.300178122520447, -2.21713205575943, -1.8841852605342866, -1.1141157567501068, -1.1364769041538239, -1.2150246143341064, -1.3096291661262511], "d_loss": [9.187999858856202, 9.019565410614014, 8.803987398147584, 8.552358980178832, 8.358027839660645, 8.311731958389283, 8.317544584274293, 7.916028571128845, 7.970170059204102, 8.139345531463624, 8.236157989501953, 8.421197023391723, 8.650657558441162, 8.930152006149292, 9.192985725402831, 7.845405540466309, 4.558150844573975, 4.171834757328034, 4.1864672780036924, 4.2596118140220645], "w_distance": [-0.0228497576713562, -0.02903427541255951, -0.04585313856601715, -0.061863312125205995, -0.09265714645385742, -0.11190888047218323, -0.14123677134513854, -0.20511070728302003, -0.24244841814041138, -0.24346587300300598, -0.2597613799571991, -0.2576434850692749, -0.24016670942306517, -0.20999188899993895, -0.1668115735054016, 0.06169996023178101, 0.5227497816085815, 0.4285001814365387, 0.2856520068645477, 0.13442816615104675], "gradient_penalty": [9.165150089263916, 8.990531139373779, 8.758134269714356, 8.49049566268921, 8.265370674133301, 8.199823045730591, 8.17630778312683, 7.710917854309082, 7.7277216672897335, 7.895879693031311, 7.976396617889404, 8.163553524017335, 8.410490856170654, 8.720160121917724, 9.026174144744873, 7.907105503082275, 5.080900640487671, 4.60033492565155, 4.472119295597077, 4.394039988517761], "g_gradients": [30.0, 30.0, 30.0, 30.0, 30.0, 30.0, 30.0, 30.0, 30.0, 30.0, 30.0, 30.0, 30.0, 30.0, 30.0, 30.0, 30.0, 30.0, 30.0, 30.0], "d_gradients": [22.0, 22.0, 22.0, 22.0, 22.0, 22.0, 22.0, 22.0, 22.0, 22.0, 22.0, 22.0, 22.0, 22.0, 22.0, 22.0, 22.0, 22.0, 22.0, 22.0], "entropy_bonus": [-0.0018179415725171565, -0.002122145739849657, -0.0025619702180847527, -0.0033532506320625545, -0.004445186769589782, -0.0059881294844672086, -0.007820957712829113, -0.010159889375790954, -0.013053373899310827, -0.015644706320017576, -0.0179574734531343, -0.02017262754961848, -0.021878786757588385, -0.02287814551964402, -0.023488475941121578, -0.023238253127783538, -0.01790918535552919, -0.011171369208022952, -0.0067132025258615615, -0.004266611800994724], "physics_penalty": [0.0, 0.0, 0.0, 0.0, 0.0, 0.0, 0.0, 0.0, 0.0, 0.0, 0.0, 0.0, 0.0, 0.0, 0.0, 0.0, 0.0, 0.0, 0.0, 0.0]}