{
  "g_loss": [
    2.0550901274527273,
    1.9923849413471837,
    1.9325156404126076,
    1.8749924590510707,
    1.819678625752849,
    1.766442060470581,
    1.7151662572737663,
    1.6657429818184144,
    1.6180703909166398,
    1.5720475758275678
  ],
  "d_loss": [
    3.6473260594470314e-05,
    4.7469877860386005e-23,
    2.4933962059440805e-38,
    0.0,
    0.0,
    0.0,
    0.0,
    0.0,
    0.0,
    0.0
  ],
  "w_distance": [
    0.0,
    0.0,
    0.0,
    0.0,
    0.0,
    0.0,
    0.0,
    0.0,
    0.0,
    0.0
  ],
  "gradient_penalty": [
    0.0,
    0.0,
    0.0,
    0.0,
    0.0,
    0.0,
    0.0,
    0.0,
    0.0,
    0.0
  ],
  "mode_coverage": [
    0.5,
    0.5,
    0.5,
    0.5,
    0.5,
    0.5,
    0.5,
    0.5,
    0.5,
    0.5
  ],
  "quantum_measurements": [
    0.10000000000000003,
    0.10000000000000003,
    0.10000000000000003,
    0.10000000000000003,
    0.10000000000000003,
    0.10000000000000003,
    0.10000000000000003,
    0.10000000000000003,
    0.10000000000000003,
    0.10000000000000003
  ],
  "cluster_separation": [
    0.005799621343612671,
    0.005799621343612671,
    0.005799621343612671,
    0.005799621343612671,
    0.005799621343612671,
    0.005799621343612671,
    0.005799621343612671,
    0.005799621343612671,
    0.005799621343612671,
    0.005799621343612671
  ]
}